Category	Included_for_CRISPRi	Entrez_ID	Gene_symbol	Achilles_mean_probability	Achilles_num_essential	Achilles_num_cell_lines	Achilles_common	BlomenHart_intersect	BlomenHart_intersect_DepMap	Hart_3_or_more_lines	Hart_HeLa	Blomen_HAP1_KBM7_intersect
Vacuolation hits	Yes	9913	SUPT7L		56	796	Non-essential	Non-essential	Non-essential	Non-essential	Non-essential	Non-essential
Vacuolation hits	Yes	64922	LRRC19	0.00109596640115085	0	808	Non-essential	N/A	N/A	N/A	N/A	Non-essential
Vacuolation hits	Yes	29796	UQCR10	0.266891304369129	165	808	Non-essential	Non-essential	Non-essential	Non-essential	Non-essential	Non-essential
Vacuolation hits	Yes	158931	TCEAL6		0	793	Non-essential	N/A	N/A	N/A	N/A	Non-essential
Vacuolation hits	Yes	79415	CYBC1	0.0662488323965964	3	808	Non-essential	Non-essential	Non-essential	Non-essential	Non-essential	Non-essential
Vacuolation hits	Yes	2652	OPN1MW				N/A	N/A	N/A	N/A	N/A	Non-essential
Vacuolation hits	Yes	7367	UGT2B17	0.00266326071785478	0	808	Non-essential	Non-essential	Non-essential	Non-essential	Non-essential	Non-essential
Vacuolation hits	Yes	10622	POLR3G		0	796	Non-essential	N/A	N/A	N/A	N/A	N/A
Vacuolation hits	Yes	10921	RNPS1		787	796	Essential	Non-essential	Essential	Non-essential	Non-essential	Essential
Vacuolation hits	Yes	64841	GNPNAT1	0.42050935696713	277	808	Essential	Non-essential	Non-essential	Non-essential	Non-essential	Non-essential
Vacuolation hits	Yes	1044	CDX1	0.00507815470368757	0	808	Non-essential	Non-essential	Non-essential	Non-essential	Non-essential	Non-essential
Vacuolation hits	Yes	10403	NDC80	0.978666073201297	807	808	Essential	Essential	Essential	Essential	Essential	Essential
Vacuolation hits	Yes	7348	UPK1B	0.00810078858114907	0	808	Non-essential	Non-essential	Non-essential	Non-essential	Non-essential	Non-essential
Vacuolation hits	Yes	27044	SND1		0	796	Non-essential	Non-essential	Non-essential	Non-essential	Non-essential	Non-essential
Vacuolation hits	Yes	284325	C19orf54	0.0108423203655174	0	808	Non-essential	Non-essential	Non-essential	Non-essential	Non-essential	Non-essential
Vacuolation hits	Yes	114904	C1QTNF6	0.0570973826085667	3	808	Non-essential	Non-essential	Non-essential	Non-essential	Non-essential	Non-essential
Vacuolation hits	Yes	5364	PLXNB1	0.0144058862051305	0	808	Non-essential	Non-essential	Non-essential	Non-essential	Non-essential	Non-essential
Vacuolation hits	Yes	127069	OR2T10	0.0109355549606084	0	808	Non-essential	Non-essential	Non-essential	Non-essential	Non-essential	Non-essential
Vacuolation hits	Yes	8838	CCN6	0.00539665845688774	0	808	Non-essential	Non-essential	Non-essential	Non-essential	Non-essential	Non-essential
Vacuolation hits	Yes	254359	ZDHHC24	0.159683784986271	32	808	Non-essential	Non-essential	Non-essential	Non-essential	Non-essential	Non-essential
Vacuolation hits	Yes	58157	NGB	0.00815607930209455	1	808	Non-essential	Non-essential	Non-essential	Non-essential	Non-essential	Non-essential
Vacuolation hits	Yes	11338	U2AF2		795	796	Essential	Essential	Essential	Essential	Essential	Essential
Vacuolation hits	Yes	121536	AEBP2		5	796	Non-essential	Non-essential	Non-essential	Non-essential	Non-essential	Non-essential
LSm genes	Yes	27257	LSM1	0.0602671315027683	7	808	Non-essential	Non-essential	Non-essential	Non-essential	Non-essential	Non-essential
Vacuolation hits	Yes	90167	FRMD7		0	805	Non-essential	Non-essential	Non-essential	Non-essential	Non-essential	Non-essential
Vacuolation hits	Yes	200312	RNF215	0.0337767751998165	1	808	Non-essential	Non-essential	Non-essential	Non-essential	Non-essential	Non-essential
Vacuolation hits	Yes	28992	MACROD1	0.0885915100313469	6	808	Non-essential	Non-essential	Non-essential	Non-essential	Essential	Non-essential
Vacuolation hits	Yes	123036	TC2N	0.00418765679524014	0	808	Non-essential	Non-essential	Non-essential	Non-essential	Non-essential	Non-essential
Vacuolation hits	Yes	29967	LRP12	0.0186113287840617	0	808	Non-essential	Non-essential	Non-essential	Non-essential	Non-essential	Non-essential
Vacuolation hits	Yes	10907	TXNL4A	0.998464883168934	808	808	Essential	Essential	Essential	Essential	Essential	Essential
Vacuolation hits	Yes	2517	FUCA1	0.0649638676026794	4	808	Non-essential	Non-essential	Non-essential	Non-essential	Non-essential	Non-essential
Vacuolation hits	Yes	90952	ESAM	0.0043047432877431	0	808	Non-essential	Non-essential	Non-essential	Non-essential	Non-essential	Non-essential
Vacuolation hits	Yes	5428	POLG	0.41302004444328	312	808	Non-essential	Non-essential	Non-essential	Essential	Essential	Non-essential
Vacuolation hits	Yes	64901	RANBP17	0.00388949242653537	0	808	Non-essential	Non-essential	Non-essential	Non-essential	Non-essential	Non-essential
Vacuolation hits	Yes	9587	MAD2L1BP	0.343597748155519	219	808	Non-essential	Non-essential	Non-essential	Non-essential	Non-essential	Non-essential
Vacuolation hits	Yes	6482	ST3GAL1	0.141684090270754	26	808	Non-essential	N/A	N/A	Non-essential	Non-essential	N/A
Vacuolation hits	Yes	27439	TMEM121B	0.0801415217266416	11	808	Non-essential	Non-essential	Non-essential	Non-essential	Non-essential	Non-essential
Vacuolation hits	Yes	353091	RAET1G	0.0185547437378242	0	808	Non-essential	Non-essential	Non-essential	Non-essential	Non-essential	Non-essential
LSm genes	Yes	23658	LSM5	0.723693376899809	679	808	Essential	Non-essential	Essential	Non-essential	Non-essential	Essential
Vacuolation hits	Yes	26595	OR8B2	0.0087524112458833	0	808	Non-essential	N/A	N/A	N/A	N/A	Non-essential
Vacuolation hits	Yes	3868	KRT16	0.175445136731989	46	808	Non-essential	Non-essential	Non-essential	Non-essential	Non-essential	Non-essential
Vacuolation hits	Yes	22889	KHDC4	0.214344103671555	79	808	Non-essential	Non-essential	Non-essential	Non-essential	Non-essential	Non-essential
Vacuolation hits	Yes	11325	DDX42	0.946921720406916	805	808	Essential	N/A	N/A	Essential	Essential	N/A
Vacuolation hits	Yes	655	BMP7	0.00925237279520289	1	808	Non-essential	Non-essential	Non-essential	Non-essential	Non-essential	Non-essential
Vacuolation hits	Yes	390502	SERPINA2				N/A	N/A	N/A	N/A	N/A	N/A
Vacuolation hits	Yes	283150	FOXR1	0.0116442980538704	3	808	Non-essential	Non-essential	Non-essential	Non-essential	Non-essential	Non-essential
Vacuolation hits	Yes	23636	NUP62	0.887031384545645	800	808	Essential	Non-essential	Non-essential	Essential	Essential	Non-essential
Vacuolation hits	Yes	820	CAMP	0.0399685140171915	1	808	Non-essential	N/A	N/A	Non-essential	Non-essential	N/A
Vacuolation hits	Yes	158038	LINGO2	0.00691042730801642	0	808	Non-essential	N/A	N/A	Non-essential	Non-essential	N/A
Vacuolation hits	Yes	10588	MTHFS	0.0325180333874121	1	808	Non-essential	Non-essential	Non-essential	Non-essential	Non-essential	Non-essential
Vacuolation hits	Yes	84976	DISP1	0.00837487135130442	0	808	Non-essential	Non-essential	Non-essential	Non-essential	Non-essential	Non-essential
Vacuolation hits	Yes	6625	SNRNP70	0.965198352718202	806	808	Essential	Essential	Essential	Essential	Essential	Essential
Vacuolation hits	Yes	126731	CCSAP	0.123002265890346	25	808	Non-essential	Non-essential	Non-essential	Non-essential	Non-essential	Non-essential
Vacuolation hits	Yes	1820	ARID3A		346	796	Essential	Non-essential	Non-essential	Non-essential	Non-essential	Non-essential
Vacuolation hits	Yes	3726	JUNB	0.260837951717353	138	808	Non-essential	Non-essential	Non-essential	Essential	Non-essential	Non-essential
Vacuolation hits	Yes	9380	GRHPR	0.0732734947043716	2	808	Non-essential	Non-essential	Non-essential	Non-essential	Non-essential	Non-essential
Vacuolation hits	Yes	84859	LRCH3	0.0587835791459512	4	808	Non-essential	Non-essential	Non-essential	Non-essential	Non-essential	Non-essential
Vacuolation hits	Yes	79156	PLEKHF1	0.035846619515024	3	808	Non-essential	Non-essential	Non-essential	Non-essential	Non-essential	Non-essential
Vacuolation hits	Yes	51115	RMDN1	0.0893929157218275	6	808	Non-essential	Non-essential	Non-essential	Non-essential	Non-essential	Non-essential
Vacuolation hits	Yes	4069	LYZ	0.0219039182872342	5	808	Non-essential	Non-essential	Non-essential	Non-essential	Non-essential	Non-essential
Vacuolation hits	Yes	3978	LIG1	0.283904855309888	144	808	Non-essential	Non-essential	Non-essential	Non-essential	Non-essential	Essential
Vacuolation hits	Yes	23640	HSPBP1	0.0104252152132398	0	808	Non-essential	Non-essential	Non-essential	Non-essential	Non-essential	Non-essential
Vacuolation hits	Yes	137970	UNC5D	0.00712367532785991	1	808	Non-essential	Non-essential	Non-essential	Non-essential	Non-essential	Non-essential
Vacuolation hits	Yes	143458	LDLRAD3	0.0112518107580345	0	808	Non-essential	Non-essential	Non-essential	Non-essential	Non-essential	Non-essential
Vacuolation hits	Yes	4249	MGAT5	0.0493264622095919	1	808	Non-essential	N/A	N/A	Non-essential	Non-essential	N/A
Vacuolation hits	Yes	4654	MYOD1		10	796	Non-essential	Non-essential	Non-essential	Non-essential	Non-essential	Non-essential
Vacuolation hits	Yes	6642	SNX1	0.0435957345248599	3	808	Non-essential	Non-essential	Non-essential	Non-essential	Non-essential	Non-essential
Vacuolation hits	Yes	574028	CLLU1				N/A	Non-essential	N/A	Non-essential	Non-essential	Non-essential
Vacuolation hits	Yes	10641	NPRL2	0.033417792829834	10	808	Non-essential	Non-essential	Non-essential	Non-essential	Non-essential	Non-essential
Vacuolation hits	Yes	25804	LSM4	0.898120932486671	795	808	Essential	Essential	Essential	Essential	Essential	Essential
Vacuolation hits	Yes	84220	RGPD5				N/A	N/A	N/A	N/A	N/A	Non-essential
Vacuolation hits	Yes	90139	TSPAN18	0.0326924646418341	3	808	Non-essential	N/A	N/A	Non-essential	Non-essential	N/A
Vacuolation hits	Yes	79339	OR51B4	0.00103691949872654	0	808	Non-essential	Non-essential	Non-essential	Non-essential	Non-essential	Non-essential
Vacuolation hits	Yes	54106	TLR9	0.0908562825083308	1	808	Non-essential	Non-essential	Non-essential	Non-essential	Non-essential	Non-essential
Vacuolation hits	Yes	150244	ZDHHC8P1				N/A	N/A	N/A	N/A	N/A	N/A
Vacuolation hits	Yes	65094	JMJD4		2	796	Non-essential	Non-essential	Non-essential	Non-essential	Non-essential	Non-essential
Vacuolation hits	Yes	29085	PHPT1	0.0144228261746842	0	808	Non-essential	Non-essential	Non-essential	Non-essential	Non-essential	Non-essential
Vacuolation hits	Yes	126068	ZNF441	0.0688978770971053	1	808	Non-essential	Non-essential	Non-essential	Non-essential	Non-essential	Non-essential
Vacuolation hits	Yes	166815	TIGD2	0.0102026918915216	0	808	Non-essential	Non-essential	Non-essential	Non-essential	Non-essential	Non-essential
Vacuolation hits	Yes	10094	ARPC3	0.691154247028284	658	808	Essential	N/A	N/A	N/A	N/A	Essential
Vacuolation hits	Yes	1396	CRIP1	0.00945035164671705	0	808	Non-essential	Non-essential	Non-essential	Non-essential	Essential	Non-essential
Vacuolation hits	Yes	7545	ZIC1	0.0037462425281887	0	808	Non-essential	Non-essential	Non-essential	Non-essential	Non-essential	Non-essential
Vacuolation hits	Yes	29766	TMOD3	0.0103208858661804	0	808	Non-essential	Non-essential	Non-essential	Non-essential	Non-essential	Non-essential
Vacuolation hits	Yes	6635	SNRPE		795	796	Essential	Essential	Essential	Essential	Essential	Essential
Vacuolation hits	Yes	293	SLC25A6		2	805	Non-essential	N/A	N/A	N/A	N/A	Non-essential
Vacuolation hits	Yes	9839	ZEB2	0.199108324915327	121	808	Non-essential	Non-essential	Non-essential	Non-essential	Non-essential	Non-essential
Vacuolation hits	Yes	645104	CLRN2	0.0415718779199844	2	808	Non-essential	Non-essential	Non-essential	Non-essential	Non-essential	Non-essential
Vacuolation hits	Yes	4927	NUP88	0.915899835523333	800	808	Essential	Essential	Essential	Essential	Essential	Essential
Vacuolation hits	Yes	345274	SLC10A6	0.0193595630940632	1	808	Non-essential	Non-essential	Non-essential	Non-essential	Non-essential	Non-essential
Vacuolation hits	Yes	417	ART1	0.0300336535333487	3	808	Non-essential	Non-essential	Non-essential	Non-essential	Non-essential	Non-essential
Vacuolation hits	Yes	196264	MPZL3	0.011949415917652	0	808	Non-essential	Non-essential	Non-essential	Non-essential	Non-essential	Non-essential
Vacuolation hits	Yes	130106	CIB4	0.143244201022091	18	808	Non-essential	Non-essential	Non-essential	Non-essential	Non-essential	Non-essential
Vacuolation hits	Yes	64137	ABCG4	0.0159744388709074	0	808	Non-essential	Non-essential	Non-essential	Non-essential	Non-essential	Non-essential
Vacuolation hits	Yes	9991	PTBP3	0.0514482852840081	1	808	Non-essential	Non-essential	Non-essential	Non-essential	Non-essential	Non-essential
Vacuolation hits	Yes	252884	ZNF396	0.0188906456672332	0	808	Non-essential	Non-essential	Non-essential	Non-essential	Non-essential	Non-essential
Vacuolation hits	Yes	8989	TRPA1	0.0306796649211057	0	808	Non-essential	Non-essential	Non-essential	Non-essential	Non-essential	Non-essential
Vacuolation hits	Yes	23379	ICE1	0.758472865094108	702	808	Essential	Essential	Non-essential	Essential	Essential	Essential
Vacuolation hits	Yes	60312	AFAP1	0.00218605711411676	0	808	Non-essential	N/A	N/A	Non-essential	Non-essential	N/A
Vacuolation hits	Yes	838	CASP5	0.00733149308611593	0	808	Non-essential	Non-essential	Non-essential	Non-essential	Non-essential	Non-essential
Vacuolation hits	Yes	4668	NAGA	0.0109066762524864	0	808	Non-essential	Non-essential	Non-essential	Non-essential	Non-essential	Non-essential
Vacuolation hits	Yes	23028	KDM1A		58	796	Non-essential	Non-essential	Non-essential	Non-essential	Essential	Non-essential
Vacuolation hits	Yes	79411	GLB1L	0.014241645975451	0	808	Non-essential	Non-essential	Non-essential	Non-essential	Non-essential	Non-essential
Vacuolation hits	Yes	389434	IYD	0.0624445344863041	1	808	Non-essential	Non-essential	Non-essential	Non-essential	Non-essential	Non-essential
Vacuolation hits	Yes	11069	RAPGEF4	0.0144236707919308	0	808	Non-essential	Non-essential	Non-essential	Non-essential	Non-essential	Non-essential
Vacuolation hits	Yes	91689	SMDT1	0.0270595062295574	2	808	Non-essential	Non-essential	Non-essential	Non-essential	Non-essential	Non-essential
Vacuolation hits	Yes	84626	KRBA1				N/A	N/A	N/A	Non-essential	Non-essential	N/A
Vacuolation hits	Yes	56919	DHX33	0.968187771326436	805	808	Essential	Essential	Essential	Essential	Essential	Essential
Vacuolation hits	Yes	25963	TMEM87A	0.175081383583709	15	808	Non-essential	Non-essential	Non-essential	Non-essential	Non-essential	Non-essential
Vacuolation hits	Yes	8562	DENR	0.825884824282104	769	808	Essential	Non-essential	Essential	Non-essential	Non-essential	Essential
Vacuolation hits	Yes	29	ABR	0.0295618888419559	3	808	Non-essential	Non-essential	Non-essential	Non-essential	Non-essential	Non-essential
Vacuolation hits	Yes	5936	RBM4	0.468051201515193	352	808	Essential	Non-essential	Non-essential	Non-essential	Non-essential	Non-essential
Vacuolation hits	Yes	55316	RSAD1	0.332534413959906	178	808	Non-essential	Non-essential	Non-essential	Essential	Essential	Non-essential
Vacuolation hits	Yes	2492	FSHR	0.00209132375516338	0	808	Non-essential	Non-essential	Non-essential	Non-essential	Non-essential	Non-essential
Vacuolation hits	Yes	662	BNIP1	0.537163116701619	465	808	Essential	Essential	Essential	Essential	Essential	Essential
Vacuolation hits	Yes	120425	JAML	0.0575814497759744	2	808	Non-essential	Non-essential	Non-essential	Non-essential	Non-essential	Non-essential
Vacuolation hits	Yes	23064	SETX	0.259778463376623	85	808	Non-essential	Non-essential	Non-essential	Non-essential	Non-essential	Non-essential
Vacuolation hits	Yes	159963	SLC5A12	0.00445797709946275	1	808	Non-essential	Non-essential	Non-essential	Non-essential	Essential	Non-essential
Vacuolation hits	Yes	54716	SLC6A20	0.0252957886904269	0	808	Non-essential	Non-essential	Non-essential	Non-essential	Non-essential	Non-essential
Vacuolation hits	Yes	22839	DLGAP4	0.00704584295942634	0	808	Non-essential	Non-essential	Non-essential	Non-essential	Non-essential	Non-essential
Vacuolation hits	Yes	648	BMI1		7	796	Non-essential	Non-essential	Non-essential	Non-essential	Non-essential	Non-essential
Vacuolation hits	Yes	51592	TRIM33		12	796	Non-essential	Non-essential	Non-essential	Non-essential	Non-essential	Non-essential
Vacuolation hits	Yes	65012	SLC26A10	0.178776538459951	32	808	Non-essential	Non-essential	Non-essential	Non-essential	Non-essential	Non-essential
Vacuolation hits	Yes	57502	NLGN4X		0	805	Non-essential	Non-essential	Non-essential	Non-essential	Non-essential	Non-essential
Vacuolation hits	Yes	140739	UBE2F	0.0351892097139146	8	808	Non-essential	Non-essential	Non-essential	Non-essential	Non-essential	Non-essential
Vacuolation hits	Yes	81282	OR51G2	0.00782933801635185	1	808	Non-essential	Non-essential	Non-essential	Non-essential	Non-essential	Non-essential
Vacuolation hits	Yes	11186	RASSF1	0.0163610599241723	0	808	Non-essential	Non-essential	Non-essential	Non-essential	Non-essential	Non-essential
Vacuolation hits	Yes	23272	TASOR	0.0298836776508976	1	808	Non-essential	Non-essential	Non-essential	Non-essential	Non-essential	Non-essential
Vacuolation hits	Yes	3694	ITGB6	0.0355635172066091	1	808	Non-essential	Non-essential	Non-essential	Non-essential	Non-essential	Non-essential
Vacuolation hits	Yes	388276	C16orf97				N/A	N/A	N/A	Non-essential	Non-essential	N/A
Vacuolation hits	Yes	23770	FKBP8	0.180391655093124	21	808	Non-essential	N/A	N/A	Non-essential	Non-essential	N/A
Vacuolation hits	Yes	6240	RRM1	0.995457398506922	807	808	Essential	Essential	Essential	Essential	Essential	Essential
Vacuolation hits	Yes	930	CD19	0.0291147720430906	12	808	Non-essential	Non-essential	Non-essential	Non-essential	Non-essential	Non-essential
Vacuolation hits	Yes	252983	STXBP4	0.0134601896508352	0	808	Non-essential	Non-essential	Non-essential	Non-essential	Non-essential	Non-essential
Vacuolation hits	Yes	4357	MPST	0.0222996075328195	0	808	Non-essential	Non-essential	Non-essential	Non-essential	Non-essential	Non-essential
Vacuolation hits	Yes	54033	RBM11	0.00479937350139486	0	808	Non-essential	Non-essential	Non-essential	Non-essential	Non-essential	Non-essential
Vacuolation hits	Yes	2745	GLRX	0.000872709755416489	0	808	Non-essential	Non-essential	Non-essential	Non-essential	Non-essential	Non-essential
Vacuolation hits	Yes	10656	KHDRBS3	0.0666319556642718	6	808	Non-essential	Non-essential	Non-essential	Non-essential	Non-essential	Non-essential
Vacuolation hits	Yes	147906	DACT3	0.170284066495731	29	808	Non-essential	Non-essential	Non-essential	Non-essential	Non-essential	Non-essential
Vacuolation hits	Yes	80856	LNPK	0.0100146681529036	0	808	Non-essential	Non-essential	Non-essential	Non-essential	Non-essential	Non-essential
Vacuolation hits	Yes	116092	DNTTIP1	0.0497547305949447	9	808	Non-essential	Non-essential	Non-essential	Non-essential	Essential	Non-essential
Vacuolation hits	Yes	64067	NPAS3	0.0195586546362205	0	808	Non-essential	Non-essential	Non-essential	Non-essential	Non-essential	Non-essential
Vacuolation hits	Yes	2184	FAH	0.025139015800523	0	808	Non-essential	Non-essential	Non-essential	Non-essential	Non-essential	Non-essential
Vacuolation hits	Yes	164395	TTLL9	0.00363362686016528	0	808	Non-essential	N/A	N/A	Non-essential	Non-essential	N/A
Vacuolation hits	Yes	5719	PSMD13	0.969088455945543	807	808	Essential	Essential	Essential	Essential	Essential	Essential
Vacuolation hits	Yes	85478	CCDC65	0.0385632481758856	1	808	Non-essential	Non-essential	Non-essential	Non-essential	Non-essential	Non-essential
Vacuolation hits	Yes	26280	IL1RAPL2		0	805	Non-essential	N/A	N/A	Non-essential	Non-essential	N/A
Vacuolation hits	Yes	54813	KLHL28	0.00690008224024154	0	808	Non-essential	Non-essential	Non-essential	Non-essential	Non-essential	Non-essential
Vacuolation hits	Yes	57409	MIF4GD	0.0696343437732359	6	808	Non-essential	Non-essential	Non-essential	Non-essential	Non-essential	Non-essential
Vacuolation hits	Yes	5092	PCBD1		4	796	Non-essential	Non-essential	Non-essential	Non-essential	Non-essential	Non-essential
Vacuolation hits	Yes	26297	SERGEF	0.0263650137639098	2	808	Non-essential	Non-essential	Non-essential	Non-essential	Non-essential	Non-essential
Vacuolation hits	Yes	22852	ANKRD26	0.00244420456021368	0	808	Non-essential	Non-essential	Non-essential	Non-essential	Non-essential	Non-essential
Vacuolation hits	Yes	284254	DYNAP	0.00208135061574607	0	808	Non-essential	Non-essential	Non-essential	Non-essential	Non-essential	Non-essential
Vacuolation hits	Yes	23366	KIAA0895	0.00374018059039366	0	808	Non-essential	Non-essential	Non-essential	Non-essential	Non-essential	Non-essential
Vacuolation hits	Yes	7014	TERF2		790	796	Essential	N/A	N/A	Essential	Essential	N/A
Vacuolation hits	Yes	10628	TXNIP	0.00526410947100762	0	808	Non-essential	Non-essential	Non-essential	Non-essential	Non-essential	Non-essential
Vacuolation hits	Yes	93323	HAUS8	0.775926031397413	735	808	Essential	Essential	Essential	Essential	Essential	Essential
Vacuolation hits	Yes	114799	ESCO1	0.0259717992951681	0	808	Non-essential	Non-essential	Non-essential	Non-essential	Non-essential	Non-essential
Vacuolation hits	Yes	6631	SNRPC	0.966541967784855	807	808	Essential	Essential	Essential	Essential	Non-essential	Essential
Vacuolation hits	Yes	136306	SVOPL	0.0249501376845105	2	808	Non-essential	Non-essential	Non-essential	Non-essential	Non-essential	Non-essential
Vacuolation hits	Yes	7053	TGM3	0.0037120615779032	0	808	Non-essential	Non-essential	Non-essential	Non-essential	Non-essential	Non-essential
Vacuolation hits	Yes	81894	SLC25A28	0.370696477490364	255	808	Non-essential	Non-essential	Non-essential	Essential	Non-essential	Non-essential
Vacuolation hits	Yes	114571	SLC22A9	0.0913734940640479	7	808	Non-essential	Non-essential	Non-essential	Non-essential	Non-essential	Non-essential
Vacuolation hits	Yes	57369	GJD2	0.00877897995516671	1	808	Non-essential	Non-essential	Non-essential	Non-essential	Essential	Non-essential
Vacuolation hits	Yes	117245	PLAAT5	0.135577691647468	21	808	Non-essential	Non-essential	Non-essential	Non-essential	Non-essential	Non-essential
Vacuolation hits	Yes	158724	FAM47A		0	805	Non-essential	Non-essential	Non-essential	Non-essential	Non-essential	Non-essential
Vacuolation hits	Yes	122740	OR4K14	0.00681353453966406	0	808	Non-essential	Non-essential	Non-essential	Non-essential	Non-essential	Non-essential
Vacuolation hits	Yes	200576	PIKFYVE	0.00861492686606863	0	808	Non-essential	Non-essential	Non-essential	Non-essential	Non-essential	Non-essential
Vacuolation hits	Yes	84659	RNASE7	0.0202011929465825	0	808	Non-essential	Non-essential	Non-essential	Non-essential	Non-essential	Non-essential
Vacuolation hits	Yes	10322	SMYD5		14	796	Non-essential	Non-essential	Non-essential	Non-essential	Non-essential	Non-essential
Vacuolation hits	Yes	284525	SLC9C2	0.00565648131481077	0	808	Non-essential	Non-essential	Non-essential	Non-essential	Non-essential	Non-essential
Vacuolation hits	Yes	54978	SLC35F6	0.0220047054813367	1	808	Non-essential	Non-essential	Non-essential	Non-essential	Non-essential	Non-essential
LSm genes	Yes	51691	LSM8	0.975426200094044	806	808	Essential	N/A	N/A	N/A	N/A	Essential
Vacuolation hits	Yes	3768	KCNJ12	0.132775936182263	16	808	Non-essential	Non-essential	Non-essential	Non-essential	Non-essential	Non-essential
Vacuolation hits	Yes	169200	TMEM64	0.29357163809643	120	808	Non-essential	Non-essential	Non-essential	Non-essential	Non-essential	Non-essential
Vacuolation hits	Yes	6404	SELPLG	0.0458945472367301	0	808	Non-essential	Non-essential	Non-essential	Non-essential	Non-essential	Non-essential
Vacuolation hits	Yes	124245	ZC3H18	0.818879468029667	761	808	Essential	Essential	Essential	Essential	Essential	Essential
Vacuolation hits	Yes	53841	CDHR5	0.0143521842008993	0	808	Non-essential	Non-essential	Non-essential	Non-essential	Non-essential	Non-essential
Vacuolation hits	Yes	23237	ARC	0.00835043175141704	1	808	Non-essential	Non-essential	Non-essential	Non-essential	Non-essential	Non-essential
Vacuolation hits	Yes	79842	ZBTB3	0.0971013600615142	7	808	Non-essential	Non-essential	Non-essential	Non-essential	Essential	Non-essential
Vacuolation hits	Yes	5371	PML		1	796	Non-essential	Non-essential	Non-essential	Non-essential	Non-essential	Non-essential
Vacuolation hits	Yes	28987	NOB1	0.948728548987736	805	808	Essential	Essential	Essential	Essential	Essential	Essential
Vacuolation hits	Yes	5725	PTBP1	0.652039144889518	581	808	Essential	Non-essential	Non-essential	Non-essential	Non-essential	Non-essential
Vacuolation hits	Yes	21	ABCA3	0.0290170400708662	0	808	Non-essential	Non-essential	Non-essential	Non-essential	Non-essential	Non-essential
Vacuolation hits	Yes	11024	LILRA1	0.00944869944376704	0	808	Non-essential	Non-essential	Non-essential	Non-essential	Non-essential	Non-essential
Vacuolation hits	Yes	134553	C5orf24	0.0225042972910984	0	808	Non-essential	Non-essential	Non-essential	Non-essential	Non-essential	Non-essential
Vacuolation hits	Yes	79856	SNX22	0.153492529139357	12	808	Non-essential	Non-essential	Non-essential	Essential	Essential	Non-essential
Vacuolation hits	Yes	23371	TNS2	0.224621392627879	49	808	Non-essential	Non-essential	Non-essential	Non-essential	Non-essential	Non-essential
Vacuolation hits	Yes	3713	IVL	0.000583300068652565	0	808	Non-essential	Non-essential	Non-essential	Non-essential	Non-essential	Non-essential
Vacuolation hits	Yes	27019	DNAI1	0.0362258447794264	1	808	Non-essential	Non-essential	Non-essential	Non-essential	Non-essential	Non-essential
Vacuolation hits	Yes	284340	CXCL17	0.0480666659038924	2	808	Non-essential	Non-essential	Non-essential	Non-essential	Non-essential	Non-essential
Vacuolation hits	Yes	56729	RETN	0.0426230788642435	1	808	Non-essential	Non-essential	Non-essential	Non-essential	Non-essential	Non-essential
Vacuolation hits	Yes	64397	ZNF106	0.129906490613404	18	808	Non-essential	Non-essential	Non-essential	Non-essential	Non-essential	Non-essential
Vacuolation hits	Yes	547	KIF1A	0.0743512285200035	2	808	Non-essential	Non-essential	Non-essential	Non-essential	Non-essential	Non-essential
Vacuolation hits	Yes	10245	TIMM17B		1	805	Non-essential	Non-essential	Non-essential	Non-essential	Non-essential	Non-essential
Vacuolation hits	Yes	3597	IL13RA1		2	805	Non-essential	Non-essential	Non-essential	Non-essential	Non-essential	Non-essential
Vacuolation hits	Yes	4836	NMT1	0.797945424894885	688	808	Essential	N/A	N/A	Essential	Essential	N/A
Vacuolation hits	Yes	9820	CUL7	0.377219379107522	224	808	Essential	Non-essential	Non-essential	Non-essential	Non-essential	Non-essential
Vacuolation hits	Yes	7023	TFAP4	0.361402511957765	257	808	Non-essential	Non-essential	Non-essential	Non-essential	Non-essential	Non-essential
Vacuolation hits	Yes	5571	PRKAG1	0.112006071812667	17	808	Non-essential	Non-essential	Non-essential	Non-essential	Essential	Non-essential
Vacuolation hits	Yes	146279	TEKT5	0.0279641951595449	2	808	Non-essential	Non-essential	Non-essential	Non-essential	Non-essential	Non-essential
Vacuolation hits	Yes	23335	WDR7	0.920556260018593	789	808	Essential	Non-essential	Non-essential	Essential	Essential	Non-essential
Vacuolation hits	Yes	55627	SMPD4	0.0575193919705922	11	808	Non-essential	Non-essential	Non-essential	Non-essential	Non-essential	Non-essential
Vacuolation hits	Yes	1143	CHRNB4	0.013753935164957	0	808	Non-essential	Non-essential	Non-essential	Non-essential	Non-essential	Non-essential
Vacuolation hits	Yes	51003	MED31		299	796	Essential	Non-essential	Essential	Non-essential	Non-essential	Essential
Vacuolation hits	Yes	2634	GBP2	0.0327597813691723	2	808	Non-essential	Non-essential	Non-essential	Non-essential	Non-essential	Non-essential
Vacuolation hits	Yes	9868	TOMM70	0.293650868134134	181	808	Non-essential	Non-essential	Non-essential	Non-essential	Non-essential	Essential
Vacuolation hits	Yes	27258	LSM3	0.952463494698151	807	808	Essential	N/A	N/A	N/A	N/A	Essential
Vacuolation hits	Yes	4599	MX1	0.0254232468615249	0	808	Non-essential	Non-essential	Non-essential	Non-essential	Non-essential	Non-essential
Vacuolation hits	Yes	10538	BATF	0.0117296573397046	5	808	Non-essential	Non-essential	Non-essential	Non-essential	Non-essential	Non-essential
Vacuolation hits	Yes	284467	TAFA3	0.044630542858965	1	808	Non-essential	Non-essential	Non-essential	Non-essential	Non-essential	Non-essential
Vacuolation hits	Yes	10257	ABCC4	0.0149419002529518	0	808	Non-essential	Non-essential	Non-essential	Non-essential	Non-essential	Non-essential
Vacuolation hits	Yes	54932	EXD3	0.0143449757125069	1	808	Non-essential	Non-essential	Non-essential	Non-essential	Non-essential	Non-essential
Vacuolation hits	Yes	8836	GGH	0.0078141939827465	0	808	Non-essential	Non-essential	Non-essential	Non-essential	Non-essential	Non-essential
Vacuolation hits	Yes	6331	SCN5A	0.0563485490521425	2	808	Non-essential	Non-essential	Non-essential	Non-essential	Non-essential	Non-essential
Vacuolation hits	Yes	57594	HOMEZ	0.0655984238014795	4	808	Non-essential	Non-essential	Non-essential	Non-essential	Non-essential	Non-essential
Vacuolation hits	Yes	221443	OARD1	0.0242042710101906	1	808	Non-essential	Non-essential	Non-essential	Non-essential	Non-essential	Non-essential
Vacuolation hits	Yes	23576	DDAH1	0.00214909294580487	0	808	Non-essential	Non-essential	Non-essential	Non-essential	Non-essential	Non-essential
Vacuolation hits	Yes	84262	PSMG3	0.931191266290291	796	808	Essential	Non-essential	Non-essential	Essential	Essential	Non-essential
Vacuolation hits	Yes	931	MS4A1	0.00178763315659875	0	808	Non-essential	Non-essential	Non-essential	Non-essential	Non-essential	Non-essential
Vacuolation hits	Yes	439915	KRTAP5-5	0.0505533365167907	2	808	Non-essential	N/A	N/A	N/A	N/A	Non-essential
Vacuolation hits	Yes	3066	HDAC2		13	796	Non-essential	Non-essential	Non-essential	Non-essential	Non-essential	Non-essential
Vacuolation hits	Yes	23451	SF3B1	0.975515907299984	808	808	Essential	Essential	Essential	Essential	Essential	Essential
Vacuolation hits	Yes	2523	FUT1	0.0626919449933796	3	808	Non-essential	Non-essential	Non-essential	Non-essential	Non-essential	Non-essential
Vacuolation hits	Yes	60487	TRMT11	0.00913499150081159	0	808	Non-essential	N/A	N/A	Non-essential	Non-essential	N/A
Vacuolation hits	Yes	10319	LAMC3	0.0484612285220678	4	808	Non-essential	Non-essential	Non-essential	Non-essential	Non-essential	Non-essential
Vacuolation hits	Yes	57544	TXNDC16	0.0224637603537058	3	808	Non-essential	Non-essential	Non-essential	Non-essential	Non-essential	Non-essential
Vacuolation hits	Yes	26121	PRPF31		796	796	Essential	Essential	Essential	Essential	Essential	Essential
Vacuolation hits	Yes	25852	ARMC8	0.00682437374172727	0	808	Non-essential	Non-essential	Non-essential	Non-essential	Non-essential	Essential
Vacuolation hits	Yes	9749	PHACTR2	0.0254790551482016	0	808	Non-essential	Non-essential	Non-essential	Non-essential	Non-essential	Non-essential
Vacuolation hits	Yes	3617	IMPG1	0.00229028407194359	1	808	Non-essential	Non-essential	Non-essential	Non-essential	Non-essential	Non-essential
Vacuolation hits	Yes	4741	NEFM	0.0194343310828258	2	808	Non-essential	Non-essential	Non-essential	Non-essential	Non-essential	Non-essential
Vacuolation hits	Yes	53635	PTOV1	0.155219189237547	27	808	Non-essential	N/A	N/A	Non-essential	Non-essential	N/A
Vacuolation hits	Yes	79953	SYNDIG1	0.000799307518961072	0	808	Non-essential	Non-essential	Non-essential	Non-essential	Non-essential	Non-essential
Vacuolation hits	Yes	10000	AKT3	0.00640017648205829	0	808	Non-essential	Non-essential	Non-essential	Non-essential	Non-essential	Non-essential
Vacuolation hits	Yes	55103	RALGPS2	0.0131077118831125	2	808	Non-essential	Non-essential	Non-essential	Non-essential	Non-essential	Non-essential
Vacuolation hits	Yes	2760	GM2A	0.0168718083538524	1	808	Non-essential	Non-essential	Non-essential	Non-essential	Non-essential	Non-essential
Vacuolation hits	Yes	55631	LRRC40	0.00385289592645024	0	808	Non-essential	Non-essential	Non-essential	Non-essential	Non-essential	Non-essential
Vacuolation hits	Yes	84447	SYVN1	0.333936813646874	211	808	Non-essential	Non-essential	Non-essential	Essential	Essential	Non-essential
Vacuolation hits	Yes	84255	SLC37A3	0.0239797696458032	1	808	Non-essential	Non-essential	Non-essential	Non-essential	Non-essential	Non-essential
Vacuolation hits	Yes	92126	DSEL	0.00277328239087895	0	808	Non-essential	Non-essential	Non-essential	Non-essential	Non-essential	Non-essential
Vacuolation hits	Yes	27165	GLS2		13	796	Non-essential	Non-essential	Non-essential	Non-essential	Non-essential	Non-essential
Vacuolation hits	Yes	1592	CYP26A1	0.172292757811951	25	808	Non-essential	Non-essential	Non-essential	Non-essential	Non-essential	Non-essential
Vacuolation hits	Yes	7805	LAPTM5	0.00809142848100079	1	808	Non-essential	Non-essential	Non-essential	Non-essential	Non-essential	Non-essential
Vacuolation hits	Yes	2904	GRIN2B	0.00431315388608479	0	808	Non-essential	N/A	N/A	Non-essential	Non-essential	N/A
Vacuolation hits	Yes	337975	KRTAP20-1	0.0126395394488321	0	808	Non-essential	N/A	N/A	N/A	N/A	Non-essential
Vacuolation hits	Yes	440730	TRIM67	0.0151412592770544	0	808	Non-essential	Non-essential	Non-essential	Non-essential	Non-essential	Non-essential
Vacuolation hits	Yes	23127	COLGALT2	0.00929440709947615	0	808	Non-essential	Non-essential	Non-essential	Non-essential	Non-essential	Non-essential
Vacuolation hits	Yes	158055	C9orf163				N/A	Non-essential	N/A	Non-essential	Non-essential	Non-essential
Vacuolation hits	Yes	79991	STN1	0.536966829251608	447	808	Essential	Non-essential	Non-essential	Essential	Non-essential	Non-essential
Vacuolation hits	Yes	1774	DNASE1L1		0	805	Non-essential	Non-essential	Non-essential	Non-essential	Non-essential	Non-essential
Vacuolation hits	Yes	170384	FUT11	0.0859982261456139	4	808	Non-essential	Non-essential	Non-essential	Non-essential	Non-essential	Non-essential
Vacuolation hits	Yes	788	SLC25A20	0.121743710410946	17	808	Non-essential	Non-essential	Non-essential	Non-essential	Non-essential	Non-essential
Vacuolation hits	Yes	9153	SLC28A2	0.0323251815460502	0	808	Non-essential	Non-essential	Non-essential	Non-essential	Non-essential	Non-essential
Vacuolation hits	Yes	57192	MCOLN1	0.0196858736864366	1	808	Non-essential	Non-essential	Non-essential	Non-essential	Non-essential	Non-essential
Vacuolation hits	Yes	84689	MS4A14	0.00531525296721212	0	808	Non-essential	Non-essential	Non-essential	Non-essential	Non-essential	Non-essential
Vacuolation hits	Yes	54851	ANKRD49	0.616269082014176	538	808	Essential	Non-essential	Non-essential	Essential	Essential	Non-essential
Vacuolation hits	Yes	10307	APBB3	0.0316159079123961	0	808	Non-essential	Non-essential	Non-essential	Non-essential	Non-essential	Non-essential
Vacuolation hits	Yes	54512	EXOSC4	0.958416679359581	804	808	Essential	Non-essential	Non-essential	Essential	Essential	Non-essential
Vacuolation hits	Yes	79750	ZNF385D	0.00166786535632386	0	808	Non-essential	Non-essential	Non-essential	Non-essential	Non-essential	Non-essential
Vacuolation hits	Yes	286827	TRIM59	0.00238474762815945	0	808	Non-essential	Non-essential	Non-essential	Non-essential	Non-essential	Non-essential
Vacuolation hits	Yes	5916	RARG	0.0415935277860316	11	808	Non-essential	Non-essential	Non-essential	Non-essential	Non-essential	Non-essential
Vacuolation hits	Yes	79007	DBNDD1	0.113897827297983	18	808	Non-essential	Non-essential	Non-essential	Non-essential	Non-essential	Non-essential
Vacuolation hits	Yes	94056	SYAP1		0	805	Non-essential	Non-essential	Non-essential	Non-essential	Non-essential	Non-essential
Vacuolation hits	Yes	83882	TSPAN10				N/A	N/A	N/A	Non-essential	Non-essential	N/A
Vacuolation hits	Yes	9167	COX7A2L	0.033537104101639	1	808	Non-essential	N/A	N/A	Non-essential	Non-essential	N/A
Vacuolation hits	Yes	2775	GNAO1	0.0334209766200974	1	808	Non-essential	Non-essential	Non-essential	Non-essential	Non-essential	Non-essential
Vacuolation hits	Yes	59286	UBL5	0.989557089798166	807	808	Essential	Essential	Essential	Essential	Essential	Essential
Vacuolation hits	Yes	6241	RRM2	0.998138422509477	808	808	Essential	Essential	Essential	Essential	Essential	Essential
Vacuolation hits	Yes	23648	SSBP3	0.667212512872615	655	808	Essential	Non-essential	Non-essential	Non-essential	Non-essential	Non-essential
Vacuolation hits	Yes	112401	BIRC8	0.104811117313325	3	808	Non-essential	Non-essential	Non-essential	Non-essential	Non-essential	Non-essential
Vacuolation hits	Yes	3053	SERPIND1	0.0563340280073217	2	808	Non-essential	Non-essential	Non-essential	Non-essential	Non-essential	Non-essential
Vacuolation hits	Yes	54431	DNAJC10	0.0347823752026547	0	808	Non-essential	Non-essential	Non-essential	Non-essential	Non-essential	Non-essential
Vacuolation hits	Yes	6678	SPARC	0.02807144572137	1	808	Non-essential	Non-essential	Non-essential	Non-essential	Non-essential	Non-essential
Vacuolation hits	Yes	7919	DDX39B	0.464354664717392	379	808	Non-essential	Essential	Essential	Essential	Essential	Essential
Vacuolation hits	Yes	51184	GPN3	0.974700723248335	805	808	Essential	Essential	Essential	Essential	Essential	Essential
Vacuolation hits	Yes	23148	NACAD	0.0125014007378317	0	808	Non-essential	Non-essential	Non-essential	Non-essential	Non-essential	Non-essential
Vacuolation hits	Yes	6668	SP2	0.441652312569998	328	808	Essential	Non-essential	Non-essential	Non-essential	Non-essential	Non-essential
Vacuolation hits	Yes	3036	HAS1	0.015959785857475	0	808	Non-essential	Non-essential	Non-essential	Non-essential	Non-essential	Non-essential
Vacuolation hits	Yes	3234	HOXD8	0.0254880865553502	1	808	Non-essential	Non-essential	Non-essential	Non-essential	Non-essential	Non-essential
Vacuolation hits	Yes	8665	EIF3F	0.878029489447424	779	808	Essential	N/A	N/A	Non-essential	Non-essential	N/A
Vacuolation hits	Yes	340811	AKR1C8P				N/A	N/A	N/A	Non-essential	Non-essential	N/A
Vacuolation hits	Yes	56139	PCDHA10	0.006851195644895	0	808	Non-essential	N/A	N/A	N/A	N/A	Non-essential
Vacuolation hits	Yes	7745	ZKSCAN8	0.01652472318691	0	808	Non-essential	Non-essential	Non-essential	Non-essential	Non-essential	Non-essential
Vacuolation hits	Yes	80031	SEMA6D	0.0115402778953997	1	808	Non-essential	Non-essential	Non-essential	Non-essential	Non-essential	Non-essential
Vacuolation hits	Yes	51191	HERC5	0.0375803190787687	0	808	Non-essential	Non-essential	Non-essential	Non-essential	Non-essential	Non-essential
Vacuolation hits	Yes	146433	IL34	0.128320424981698	15	808	Non-essential	N/A	N/A	Non-essential	Non-essential	N/A
Vacuolation hits	Yes	7224	TRPC5		0	805	Non-essential	Non-essential	Non-essential	Non-essential	Non-essential	Non-essential
Vacuolation hits	Yes	79085	SLC25A23	0.00936474119021922	0	808	Non-essential	Non-essential	Non-essential	Non-essential	Non-essential	Non-essential
Vacuolation hits	Yes	84153	RNASEH2C	0.483279386911562	385	808	Non-essential	Non-essential	Non-essential	Non-essential	Non-essential	Non-essential
Vacuolation hits	Yes	92840	REEP6	0.0608739318549658	5	808	Non-essential	Non-essential	Non-essential	Non-essential	Non-essential	Non-essential
Vacuolation hits	Yes	57569	ARHGAP20	0.00487354837409824	0	808	Non-essential	Non-essential	Non-essential	Non-essential	Non-essential	Non-essential
Vacuolation hits	Yes	1036	CDO1		0	796	Non-essential	Non-essential	Non-essential	Non-essential	Non-essential	Non-essential
Vacuolation hits	Yes	6783	SULT1E1	0.0389296394442604	1	808	Non-essential	Non-essential	Non-essential	Non-essential	Non-essential	Non-essential
Vacuolation hits	Yes	57488	ESYT2	0.0172984144091865	0	808	Non-essential	Non-essential	Non-essential	Non-essential	Non-essential	Non-essential
Vacuolation hits	Yes	901	CCNG2	0.00104271017500435	0	808	Non-essential	Non-essential	Non-essential	Non-essential	Non-essential	Non-essential
Vacuolation hits	Yes	727910	TLCD2	0.0149448509228315	0	808	Non-essential	Non-essential	Non-essential	Non-essential	Non-essential	Non-essential
Vacuolation hits	Yes	3426	CFI	0.00828411849313312	0	808	Non-essential	Non-essential	Non-essential	Non-essential	Non-essential	Non-essential
Vacuolation hits	Yes	90522	YIF1B	0.0443760673786946	0	808	Non-essential	Non-essential	Non-essential	Non-essential	Non-essential	Non-essential
Vacuolation hits	Yes	135892	TRIM50	0.0866638542869098	3	808	Non-essential	Non-essential	Non-essential	Non-essential	Non-essential	Non-essential
Vacuolation hits	Yes	5082	PDCL	0.397815154769893	297	808	Non-essential	Essential	Essential	Essential	Essential	Essential
Vacuolation hits	Yes	10559	SLC35A1	0.131991145477176	51	808	Non-essential	Non-essential	Non-essential	Non-essential	Non-essential	Non-essential
Vacuolation hits	Yes	64407	RGS18	0.0115138586510244	0	808	Non-essential	Non-essential	Non-essential	Non-essential	Non-essential	Non-essential
Vacuolation hits	Yes	84502	JPH4	0.20267374773936	48	808	Non-essential	Non-essential	Non-essential	Non-essential	Non-essential	Non-essential
Vacuolation hits	Yes	4548	MTR	0.106402605933114	44	808	Non-essential	Non-essential	Non-essential	Non-essential	Non-essential	Non-essential
Vacuolation hits	Yes	133688	UGT3A1	0.012907385155001	0	808	Non-essential	Non-essential	Non-essential	Non-essential	Non-essential	Non-essential
Vacuolation hits	Yes	23318	TUT4	0.00907253589714184	0	808	Non-essential	Non-essential	Non-essential	Non-essential	Non-essential	Non-essential
Vacuolation hits	Yes	2555	GABRA2	0.00341453572856321	0	808	Non-essential	Non-essential	Non-essential	Non-essential	Non-essential	Non-essential
Vacuolation hits	Yes	11040	PIM2		30	805	Non-essential	Non-essential	Non-essential	Non-essential	Non-essential	Non-essential
Vacuolation hits	Yes	55211	DPPA4	0.00663523503979199	0	808	Non-essential	Non-essential	Non-essential	Non-essential	Non-essential	Non-essential
Vacuolation hits	Yes	23062	GGA2	0.00783003191667974	0	808	Non-essential	Non-essential	Non-essential	Non-essential	Non-essential	Non-essential
Vacuolation hits	Yes	6281	S100A10	0.00225865971925759	0	808	Non-essential	Non-essential	Non-essential	Non-essential	Non-essential	Non-essential
Vacuolation hits	Yes	56951	C5orf15	0.105724693816921	10	808	Non-essential	Non-essential	Non-essential	Non-essential	Non-essential	Non-essential
LSm genes	Yes	51690	LSM7	0.978814572735595	807	808	Essential	Non-essential	Non-essential	Essential	Essential	Non-essential
Vacuolation hits	Yes	5055	SERPINB2	0.00327333006064607	0	808	Non-essential	Non-essential	Non-essential	Non-essential	Non-essential	Non-essential
Vacuolation hits	Yes	84190	METTL25	0.14951000676566	26	808	Non-essential	Non-essential	Non-essential	Non-essential	Non-essential	Non-essential
Vacuolation hits	Yes	7364	UGT2B7	0.0160024892370034	0	808	Non-essential	N/A	N/A	N/A	N/A	Non-essential
Vacuolation hits	Yes	81603	TRIM8	0.0199799589673514	9	808	Non-essential	Non-essential	Non-essential	Non-essential	Non-essential	Non-essential
Vacuolation hits	Yes	10570	DPYSL4	0.017073394069112	1	808	Non-essential	Non-essential	Non-essential	Non-essential	Non-essential	Non-essential
Vacuolation hits	Yes	43	ACHE	0.178970099876989	28	808	Non-essential	Non-essential	Non-essential	Non-essential	Non-essential	Non-essential
Vacuolation hits	Yes	441907	LOC441907				N/A	N/A	N/A	N/A	N/A	N/A
Vacuolation hits	Yes	6720	SREBF1	0.406994660278269	280	808	Non-essential	Non-essential	Non-essential	Non-essential	Non-essential	Non-essential
Vacuolation hits	Yes	23593	HEBP2	0.0115408154543345	0	808	Non-essential	N/A	N/A	Non-essential	Non-essential	N/A
Vacuolation hits	Yes	4340	MOG	0.629842933502486	605	808	Essential	Non-essential	Non-essential	Non-essential	Non-essential	Non-essential
Vacuolation hits	Yes	121278	TPH2	0.227228447776232	60	808	Non-essential	Non-essential	Non-essential	Non-essential	Non-essential	Non-essential
Vacuolation hits	Yes	27146	FAM184B	0.000911663762055927	0	808	Non-essential	Non-essential	Non-essential	Non-essential	Non-essential	Non-essential
Vacuolation hits	Yes	5009	OTC		0	805	Non-essential	Non-essential	Non-essential	Non-essential	Non-essential	Non-essential
Vacuolation hits	Yes	9942	XYLB	0.00272105903750847	0	808	Non-essential	Non-essential	Non-essential	Non-essential	Non-essential	Non-essential
Vacuolation hits	Yes	50846	DHH	0.0446683662973604	2	808	Non-essential	Non-essential	Non-essential	Non-essential	Non-essential	Non-essential
Vacuolation hits	Yes	5976	UPF1		790	796	Essential	Essential	Essential	Essential	Essential	Essential
Vacuolation hits	Yes	79861	TUBAL3	0.00414665835795776	0	808	Non-essential	Non-essential	Non-essential	Non-essential	Non-essential	Non-essential
Vacuolation hits	Yes	117289	TAGAP	0.00302882633921849	0	808	Non-essential	Non-essential	Non-essential	Non-essential	Non-essential	Non-essential
Vacuolation hits	Yes	80127	BBOF1	0.0343232428573544	0	808	Non-essential	Non-essential	Non-essential	Non-essential	Non-essential	Non-essential
Vacuolation hits	Yes	1041	CDSN	0.0468752186147625	2	808	Non-essential	Non-essential	Non-essential	Non-essential	Non-essential	Non-essential
Vacuolation hits	Yes	79623	GALNT14	0.0219037323430005	1	808	Non-essential	Non-essential	Non-essential	Non-essential	Non-essential	Non-essential
Vacuolation hits	Yes	27179	IL36A	0.157201836634525	16	808	Non-essential	Non-essential	Non-essential	Non-essential	Non-essential	Non-essential
Vacuolation hits	Yes	4974	OMG	0.0216656957438155	0	808	Non-essential	Non-essential	Non-essential	Non-essential	Non-essential	Non-essential
Vacuolation hits	Yes	8861	LDB1		81	796	Non-essential	Non-essential	Non-essential	Non-essential	Non-essential	Non-essential
Vacuolation hits	Yes	84286	TMEM175	0.00198750575485447	0	808	Non-essential	Non-essential	Non-essential	Non-essential	Non-essential	Non-essential
Vacuolation hits	Yes	3543	IGLL1	0.0262408043896779	3	808	Non-essential	Non-essential	Non-essential	Non-essential	Non-essential	Non-essential
Vacuolation hits	Yes	84131	CEP78	0.132299406465077	22	808	Non-essential	Non-essential	Non-essential	Non-essential	Non-essential	Non-essential
Vacuolation hits	Yes	1123	CHN1	0.00135635408501271	0	808	Non-essential	Non-essential	Non-essential	Non-essential	Non-essential	Non-essential
Vacuolation hits	Yes	57819	LSM2	0.998818639970743	808	808	Essential	Non-essential	Non-essential	Non-essential	Non-essential	Essential
Vacuolation hits	Yes	8356	H3C12	0.120466475575421	11	808	Non-essential	Non-essential	Non-essential	Non-essential	Non-essential	Non-essential
Vacuolation hits	Yes	158866	ZDHHC15		3	805	Non-essential	Non-essential	Non-essential	Non-essential	Non-essential	Non-essential
Vacuolation hits	Yes	25929	GEMIN5	0.988254814130056	807	808	Essential	Essential	Essential	Essential	Essential	Essential
Vacuolation hits	Yes	30010	NXPH1	0.0103609938025697	0	808	Non-essential	Non-essential	Non-essential	Non-essential	Non-essential	Non-essential
Vacuolation hits	Yes	9953	HS3ST3B1	0.0390675554010586	3	808	Non-essential	Non-essential	Non-essential	Non-essential	Non-essential	Non-essential
Vacuolation hits	Yes	10166	SLC25A15	0.0180543921308464	0	808	Non-essential	Non-essential	Non-essential	Non-essential	Non-essential	Non-essential
Vacuolation hits	Yes	308	ANXA5	0.00396654533764054	0	808	Non-essential	Non-essential	Non-essential	Non-essential	Non-essential	Non-essential
Vacuolation hits	Yes	1072	CFL1	0.639109739695852	542	808	Essential	N/A	N/A	Non-essential	Non-essential	N/A
Vacuolation hits	Yes	126326	GIPC3	0.0844204581939854	5	808	Non-essential	N/A	N/A	Non-essential	Non-essential	N/A
Vacuolation hits	Yes	5436	POLR2G		793	796	Essential	Non-essential	Non-essential	Essential	Essential	Non-essential
Vacuolation hits	Yes	1291	COL6A1	0.00521964321895884	1	808	Non-essential	Non-essential	Non-essential	Non-essential	Non-essential	Non-essential
Vacuolation hits	Yes	5539	PPY	0.706504776072445	725	808	Essential	Non-essential	Non-essential	Non-essential	Non-essential	Non-essential
Vacuolation hits	Yes	54920	DUS2	0.0564634615938394	4	808	Non-essential	Non-essential	Non-essential	Non-essential	Non-essential	Non-essential
Vacuolation hits	Yes	10357	HMGB1P1				N/A	N/A	N/A	N/A	N/A	N/A
Vacuolation hits	Yes	11243	PMF1		795	796	Essential	Essential	Essential	Essential	Non-essential	Essential
Vacuolation hits	Yes	25841	ABTB2	0.0101102293008766	0	808	Non-essential	N/A	N/A	Non-essential	Non-essential	N/A
Vacuolation hits	Yes	10206	TRIM13	0.00817333046970326	0	808	Non-essential	Non-essential	Non-essential	Non-essential	Non-essential	Non-essential
Vacuolation hits	Yes	9326	ZNHIT3	0.822221142878594	743	808	Essential	Non-essential	Non-essential	Non-essential	Non-essential	Essential
Vacuolation hits	Yes	3161	HMMR	0.0231528058474345	4	808	Non-essential	Non-essential	Non-essential	Non-essential	Non-essential	Non-essential
Vacuolation hits	Yes	4141	MARS1	0.983387870726991	807	808	Essential	Essential	Essential	Essential	Essential	Essential
Vacuolation hits	Yes	50485	SMARCAL1		13	796	Non-essential	Non-essential	Non-essential	Non-essential	Non-essential	Non-essential
Vacuolation hits	Yes	158248	TTC16	0.00169699748900814	0	808	Non-essential	Non-essential	Non-essential	Non-essential	Non-essential	Non-essential
Vacuolation hits	Yes	26504	CNNM4	0.0368053231811997	0	808	Non-essential	Non-essential	Non-essential	Non-essential	Non-essential	Non-essential
Vacuolation hits	Yes	23630	KCNE5		0	805	Non-essential	Non-essential	Non-essential	Non-essential	Non-essential	Non-essential
Vacuolation hits	Yes	340024	SLC6A19	0.0138662921318407	4	808	Non-essential	Non-essential	Non-essential	Non-essential	Non-essential	Non-essential
Vacuolation hits	Yes	10574	CCT7	0.572296584036843	530	808	Essential	Essential	Essential	Essential	Essential	Essential
Vacuolation hits	Yes	85378	TUBGCP6	0.797086127129456	754	808	Essential	Essential	Essential	Essential	Essential	Essential
Vacuolation hits	Yes	9819	TSC22D2	0.493840144305755	412	808	Non-essential	Non-essential	Non-essential	Non-essential	Non-essential	Essential
Vacuolation hits	Yes	121340	SP7	0.115110309755829	11	808	Non-essential	Non-essential	Non-essential	Non-essential	Non-essential	Non-essential
Vacuolation hits	Yes	9194	SLC16A7	0.0281796024089024	0	808	Non-essential	Non-essential	Non-essential	Non-essential	Non-essential	Non-essential
Vacuolation hits	Yes	10444	ZER1	0.134224243819621	30	808	Non-essential	Non-essential	Non-essential	Non-essential	Essential	Non-essential
Vacuolation hits	Yes	617	BCS1L	0.546151390388995	478	808	Essential	Essential	Essential	Essential	Essential	Essential
Vacuolation hits	Yes	155435	RBM33	0.422864521020907	327	808	Non-essential	Essential	Essential	Essential	Non-essential	Essential
Vacuolation hits	Yes	1294	COL7A1	0.172642333242325	22	808	Non-essential	Non-essential	Non-essential	Non-essential	Non-essential	Non-essential
Vacuolation hits	Yes	2181	ACSL3	0.386428667318882	276	808	Non-essential	Non-essential	Non-essential	Essential	Non-essential	Non-essential
Vacuolation hits	Yes	1809	DPYSL3	0.00358515512572772	0	808	Non-essential	Non-essential	Non-essential	Non-essential	Non-essential	Non-essential
Vacuolation hits	Yes	768239	PSAPL1	0.00374049409163618	0	808	Non-essential	N/A	N/A	Non-essential	Non-essential	N/A
Vacuolation hits	Yes	729911	ANKRD34C-AS1				N/A	N/A	N/A	N/A	N/A	N/A
Vacuolation hits	Yes	29799	YPEL1	0.419445404379963	291	808	Essential	Non-essential	Non-essential	Non-essential	Non-essential	Non-essential
Vacuolation hits	Yes	4330	MN1	0.00363141293153781	0	808	Non-essential	Non-essential	Non-essential	Non-essential	Non-essential	Non-essential
Vacuolation hits	Yes	54553	MIR4453HG				N/A	N/A	N/A	N/A	N/A	N/A
Vacuolation hits	Yes	3381	IBSP	0.00724593609082339	0	808	Non-essential	Non-essential	Non-essential	Non-essential	Non-essential	Non-essential
Vacuolation hits	Yes	27159	CHIA	0.00921987847718159	0	808	Non-essential	Non-essential	Non-essential	Non-essential	Non-essential	Non-essential
Vacuolation hits	Yes	9362	CPNE6	0.155429205698445	17	808	Non-essential	N/A	N/A	Non-essential	Non-essential	N/A
Vacuolation hits	Yes	8487	GEMIN2	0.314269549946582	178	808	Non-essential	Essential	Essential	Essential	Essential	Essential
Vacuolation hits	Yes	80097	MZT2B	0.0712419137286832	9	808	Non-essential	N/A	N/A	N/A	N/A	Non-essential
Vacuolation hits	Yes	7328	UBE2H	0.531079219189659	440	808	Essential	Non-essential	Non-essential	Non-essential	Non-essential	Essential
Vacuolation hits	Yes	644890	MEIG1	0.000336138751047863	0	808	Non-essential	N/A	N/A	N/A	N/A	N/A
Vacuolation hits	Yes	10325	RRAGB		0	805	Non-essential	Non-essential	Non-essential	Non-essential	Non-essential	Non-essential
Vacuolation hits	Yes	260294	NSUN5P2				N/A	N/A	N/A	N/A	N/A	N/A
Vacuolation hits	Yes	23082	PPRC1	0.714402851887538	691	808	Essential	Essential	Essential	Essential	Essential	Essential
Vacuolation hits	Yes	399665	FAM102A	0.0358170563545736	2	808	Non-essential	Non-essential	Non-essential	Non-essential	Non-essential	Non-essential
Vacuolation hits	Yes	4313	MMP2	0.0257500531873896	1	808	Non-essential	Non-essential	Non-essential	Non-essential	Non-essential	Non-essential
Vacuolation hits	Yes	56126	PCDHB10	0.0248828545171182	0	808	Non-essential	N/A	N/A	N/A	N/A	Non-essential
Vacuolation hits	Yes	26140	TTLL3	0.0238630604371907	1	808	Non-essential	N/A	N/A	Non-essential	Non-essential	N/A
Vacuolation hits	Yes	221833	SP8	0.0659237295115481	12	808	Non-essential	Non-essential	Non-essential	Non-essential	Non-essential	Non-essential
Vacuolation hits	Yes	57758	SCUBE2	0.00222640578211833	0	808	Non-essential	Non-essential	Non-essential	Non-essential	Non-essential	Non-essential
Vacuolation hits	Yes	118430	MUCL1	0.023995646442446	0	808	Non-essential	Non-essential	Non-essential	Non-essential	Non-essential	Non-essential
Vacuolation hits	Yes	79645	EFCAB1	0.0018961806262578	0	808	Non-essential	Non-essential	Non-essential	Non-essential	Non-essential	Non-essential
Vacuolation hits	Yes	388677	NOTCH2NLA				N/A	N/A	N/A	N/A	N/A	N/A
Vacuolation hits	Yes	9443	MED7		749	796	Essential	Essential	Essential	Essential	Non-essential	Essential
Vacuolation hits	Yes	7109	TRAPPC10	0.0250994670417805	0	808	Non-essential	Non-essential	Non-essential	Non-essential	Non-essential	Non-essential
Vacuolation hits	Yes	2304	FOXE1	0.0461496281376807	5	808	Non-essential	Non-essential	Non-essential	Non-essential	Non-essential	Non-essential
Vacuolation hits	Yes	58497	PRUNE1	0.271298131626425	121	808	Non-essential	Non-essential	Non-essential	Non-essential	Non-essential	Non-essential
Vacuolation hits	Yes	158584	FAAH2		0	805	Non-essential	Non-essential	Non-essential	Non-essential	Non-essential	Non-essential
Vacuolation hits	Yes	782	CACNB1	0.143977612918829	18	808	Non-essential	Non-essential	Non-essential	Non-essential	Non-essential	Non-essential
Vacuolation hits	Yes	8288	EPX	0.0632528568961233	1	808	Non-essential	Non-essential	Non-essential	Non-essential	Non-essential	Non-essential
Vacuolation hits	Yes	6283	S100A12	0.0694372799927819	1	808	Non-essential	Non-essential	Non-essential	Non-essential	Non-essential	Non-essential
Vacuolation hits	Yes	5682	PSMA1	0.999219142832699	808	808	Essential	Essential	Essential	Essential	Essential	Essential
Vacuolation hits	Yes	29980	DONSON	0.99679367405769	807	808	Essential	Essential	Essential	Essential	Essential	Essential
Vacuolation hits	Yes	26027	ACOT11	0.025026495920673	0	808	Non-essential	Non-essential	Non-essential	Non-essential	Non-essential	Non-essential
Vacuolation hits	Yes	6159	RPL29	0.751240450663773	739	808	Essential	Essential	Essential	Essential	Non-essential	Essential
Vacuolation hits	Yes	90806	ANGEL2	0.027202968883834	0	808	Non-essential	Non-essential	Non-essential	Non-essential	Non-essential	Non-essential
Vacuolation hits	Yes	6881	TAF10		724	796	Essential	Non-essential	Non-essential	Essential	Essential	Non-essential
Vacuolation hits	Yes	326	AIRE		0	796	Non-essential	Non-essential	Non-essential	Non-essential	Non-essential	Non-essential
Vacuolation hits	Yes	23229	ARHGEF9		0	805	Non-essential	Non-essential	Non-essential	Non-essential	Non-essential	Non-essential
Vacuolation hits	Yes	2264	FGFR4	0.025544259383524	6	808	Non-essential	Non-essential	Non-essential	Non-essential	Non-essential	Non-essential
Vacuolation hits	Yes	23469	PHF3		0	796	Non-essential	N/A	N/A	Non-essential	Non-essential	N/A
Vacuolation hits	Yes	25807	RHBDD3	0.0266291539400965	0	808	Non-essential	Non-essential	Non-essential	Non-essential	Essential	Non-essential
Vacuolation hits	Yes	80318	GKAP1	0.0090295085272932	0	808	Non-essential	Non-essential	Non-essential	Non-essential	Non-essential	Non-essential
Vacuolation hits	Yes	84798	C19orf48				N/A	Non-essential	N/A	Non-essential	Non-essential	Non-essential
Vacuolation hits	Yes	3703	STT3A	0.227783244789843	138	808	Non-essential	Non-essential	Non-essential	Non-essential	Essential	Non-essential
Vacuolation hits	Yes	57037	ANKMY2	0.0570005555008642	9	808	Non-essential	Non-essential	Non-essential	Non-essential	Non-essential	Non-essential
Vacuolation hits	Yes	4647	MYO7A	0.0510718717541306	2	808	Non-essential	Non-essential	Non-essential	Non-essential	Non-essential	Non-essential
Vacuolation hits	Yes	6949	TCOF1	0.64930289107943	584	808	Essential	Non-essential	Non-essential	Non-essential	Non-essential	Essential
Vacuolation hits	Yes	11080	DNAJB4	0.00731837235330546	0	808	Non-essential	Non-essential	Non-essential	Non-essential	Non-essential	Non-essential
Vacuolation hits	Yes	284098	PIGW	0.154813872320457	27	808	Non-essential	Non-essential	Non-essential	Non-essential	Non-essential	Non-essential
Vacuolation hits	Yes	51279	C1RL	0.00338589307039445	0	808	Non-essential	Non-essential	Non-essential	Non-essential	Non-essential	Non-essential
Vacuolation hits	Yes	341116	MS4A10	0.0534378773933824	1	808	Non-essential	Non-essential	Non-essential	Non-essential	Non-essential	Non-essential
Vacuolation hits	Yes	22866	CNKSR2		18	805	Non-essential	Non-essential	Non-essential	Non-essential	Non-essential	Non-essential
Vacuolation hits	Yes	5376	PMP22	0.0375722029891126	3	808	Non-essential	Non-essential	Non-essential	Non-essential	Non-essential	Non-essential
Vacuolation hits	Yes	5702	PSMC3		795	796	Essential	Essential	Essential	Essential	Essential	Essential
Vacuolation hits	Yes	57472	CNOT6	0.06570989843592	4	808	Non-essential	Non-essential	Non-essential	Non-essential	Non-essential	Non-essential
Vacuolation hits	Yes	54606	DDX56	0.993208299865285	808	808	Essential	Essential	Essential	Essential	Essential	Essential
Vacuolation hits	Yes	56922	MCCC1	0.0194247235421868	0	808	Non-essential	Non-essential	Non-essential	Non-essential	Non-essential	Non-essential
Vacuolation hits	Yes	222658	KCTD20	0.0172830378969575	0	808	Non-essential	Non-essential	Non-essential	Non-essential	Non-essential	Non-essential
Vacuolation hits	Yes	11157	LSM6	0.923253031946143	804	808	Essential	N/A	N/A	N/A	N/A	Essential
Vacuolation hits	Yes	256435	ST6GALNAC3	0.0437417793617575	1	808	Non-essential	Non-essential	Non-essential	Non-essential	Non-essential	Non-essential
Vacuolation hits	Yes	116225	ZMYND19	0.016339617992435	0	808	Non-essential	Non-essential	Non-essential	Non-essential	Non-essential	Non-essential
Vacuolation hits	Yes	90390	MED30		796	796	Essential	Non-essential	Non-essential	Essential	Essential	Non-essential
Vacuolation hits	Yes	8671	SLC4A4	0.00893422074914063	1	808	Non-essential	Non-essential	Non-essential	Non-essential	Non-essential	Non-essential
Vacuolation hits	Yes	51264	MRPL27	0.843019089406078	786	808	Essential	Essential	Essential	Essential	Non-essential	Essential
Vacuolation hits	Yes	23481	PES1	0.92097194294692	799	808	Essential	Essential	Essential	Essential	Essential	Essential
Vacuolation hits	Yes	27433	TOR2A	0.505297579420222	429	808	Essential	Non-essential	Non-essential	Non-essential	Essential	Non-essential
Vacuolation hits	Yes	130162	CLHC1	0.0372917058505773	3	808	Non-essential	Non-essential	Non-essential	Non-essential	Non-essential	Non-essential
Vacuolation hits	Yes	25803	SPDEF	0.0184283889540953	12	808	Non-essential	Non-essential	Non-essential	Non-essential	Non-essential	Non-essential
Vacuolation hits	Yes	26025	PCDHGA12	0.0272953448775882	0	808	Non-essential	N/A	N/A	N/A	N/A	Non-essential
Vacuolation hits	Yes	254295	PHYHD1		0	796	Non-essential	Non-essential	Non-essential	Non-essential	Non-essential	Non-essential
Vacuolation hits	Yes	27076	LYPD3	0.0183211207459521	1	808	Non-essential	Non-essential	Non-essential	Non-essential	Non-essential	Non-essential
Vacuolation hits	Yes	81469	OR2G3	0.00946944148923342	0	808	Non-essential	Non-essential	Non-essential	Non-essential	Non-essential	Non-essential
Vacuolation hits	Yes	55002	TMCO3	0.201243515428217	42	808	Non-essential	Non-essential	Non-essential	Non-essential	Non-essential	Non-essential
Vacuolation hits	No	553128	KIR2DL5B				N/A	N/A	N/A	N/A	N/A	N/A
Vacuolation hits	No	643085	N/A				N/A	N/A	N/A	N/A	N/A	N/A
Vacuolation hits	No	651732	N/A				N/A	N/A	N/A	N/A	N/A	N/A
Vacuolation hits	No	653348	N/A				N/A	N/A	N/A	N/A	N/A	N/A
Vacuolation hits	No	728200	N/A				N/A	N/A	N/A	N/A	N/A	N/A
Vacuolation hits	No	728303	N/A				N/A	N/A	N/A	N/A	N/A	N/A
Vacuolation hits	No	728316	N/A				N/A	N/A	N/A	N/A	N/A	N/A
Vacuolation hits	No	728628	N/A				N/A	N/A	N/A	N/A	N/A	N/A
Vacuolation hits	No	728789	N/A				N/A	N/A	N/A	N/A	N/A	N/A
Vacuolation hits	No	728804	N/A				N/A	N/A	N/A	N/A	N/A	N/A
Vacuolation hits	No	729715	N/A				N/A	N/A	N/A	N/A	N/A	N/A
Vacuolation hits	No	730132	N/A				N/A	N/A	N/A	N/A	N/A	N/A
Vacuolation hits	No	730194	N/A				N/A	N/A	N/A	N/A	N/A	N/A
Vacuolation hits	No	730240	N/A				N/A	N/A	N/A	N/A	N/A	N/A
Vacuolation hits	No	731286	N/A				N/A	N/A	N/A	N/A	N/A	N/A
