sgRNA_sequence	PAM	Chromosome	Strand	Cut_location	Target_region	CRISPOR_note	Target_category	Combined_rank	Specificity_rank	Efficacy_rank	Azimuth_2_efficiency_score	GuideScan_specificity	CRISPOR_3MM_specificity	CRISPOR_4MM_specificity	CRISPOR_CFD_specificity	CRISPOR_Num_0MM	CRISPOR_Num_1MM	GuideScan_Num_2MM	CRISPOR_Num_2MM	GuideScan_Num_3MM	CRISPOR_Num_3MM	CRISPOR_Num_4MM	CRISPOR_Graf_status	Nearest_HNRNPK_CDS	Nearest_HNRNPK_CDS_distance	Distance_to_upstream_HNRNPK_TSS	Distance_to_main_HNRNPK_TSS	Distance_to_RM1_TSS	Gene_overlaps	Transcript_overlaps	Exon_overlaps	CDS_overlaps
CTGCCTAGTTCACGCGCACA	GGG	chr9	+	83980698	Upstream of the first (minor) TSS	intergenic:HNRNPK-RMI1	Upstream of the main TSS	2	1	10	0.6123	0.89912492	0.899124916030527	0.501337728367288	99	0	0	0	0	2	2	40	GrafOK	CDS1	-2444	-97	-488	-125				
CAGTTGTTAGATCTCGCGAG	AGG	chr9	-	83980667	Upstream of the first (minor) TSS	intergenic:HNRNPK-RMI1	Upstream of the main TSS	1	7	3	0.6859	0.82481002	0.824810022250102	0.360182792979386	98	0	0	1	1	3	3	19	GrafOK	CDS1	-2413	-66	-457	-156				
CACAGGCAAGACGTCGAGGT	CGG	chr9	+	83980543	Upstream of the main TSS	exon:HNRNPK	Upstream of the main TSS	5	18	4	0.6608		0.356458772725754	0.184584635992748	96	0	2		0		7	60	GrafOK	CDS1	-2289	54	-333	-280	HNRNPK	HNRNPK	HNRNPK	
CACGTCAATCAAGGCGACGG	AGG	chr9	+	83980340	Upstream of the main TSS	intron:HNRNPK	Upstream of the main TSS	3	13	2	0.6875	1	0.989062810778874	0.305295538520933	98	0	0	0	0	0	1	76	GrafOK	CDS1	-2086	257	-130	-483	HNRNPK	HNRNPK		
GGCCACGTCAATCAAGGCGA	CGG	chr9	+	83980337	Upstream of the main TSS	intron:HNRNPK	Upstream of the main TSS	4	8	13	0.5923	1	1	0.350036438840148	98	0	0	0	0	0	0	20	GrafOK	CDS1	-2083	260	-127	-486	HNRNPK	HNRNPK		
TAGGACCACAACGCGGACTG	CGG	chr9	+	83979980	Upstream of CDS1	intron:HNRNPK	5' UTR	3	11	14	0.6663	0.98891967	0.988919667604616	0.321123676542355	98	0	0	0	0	1	1	18	GrafOK	CDS1	-1726	617	226	-843	HNRNPK	HNRNPK		
TGTATCCGCAGTCCGCGTTG	TGG	chr9	-	83979974	Upstream of CDS1	intron:HNRNPK	5' UTR	5	1	28	0.6272	0.95454545	0.945896971319673	0.64496539006835	99	0	0	0	0	1	2	9	GrafOK	CDS1	-1720	623	232	-849	HNRNPK	HNRNPK		
GGCGACTACGTGCTACTAGG	CGG	chr9	+	83979661	Upstream of CDS1	intron:HNRNPK	5' UTR	1	12	4	0.7121	1	0.890452213110801	0.276482766953158	97	0	0	0	0	0	2	14	GrafOK	CDS1	-1407	936	545	-1162	HNRNPK	HNRNPK		
AGCACGTAGTCGCCATTACG	CGG	chr9	-	83979641	Upstream of CDS1	intron:HNRNPK	5' UTR	2	5	20	0.6406	0.65979381	0.65979381443299	0.453986204277586	99	0	0	0	0	1	1	7	GrafOK	CDS1	-1387	956	565	-1182	HNRNPK	HNRNPK		
TACGTGCCAAAACGGTCGAT	AGG	chr9	+	83979137	Upstream of CDS1	intron:HNRNPK	5' UTR	4	4	24	0.6359	1	1	0.558224067779504	99	0	0	0	0	0	0	9	GrafOK	CDS1	-883	1460	1069	-1686	HNRNPK	HNRNPK		
GTGGCGGTTCACTACAGCAA	GGG	chr9	+	83977503	Between CDS2 and CDS3	intron:HNRNPK	Intron or UTR	1	24	8	0.6696	0.49904826	0.455287042762568	0.122118402563247	93	0	0	0	0	6	10	53	GrafOK	CDS2	185	3094	2703	-3320	HNRNPK	HNRNPK		
AGTGGCGGTTCACTACAGCA	AGG	chr9	+	83977502	Between CDS2 and CDS3	intron:HNRNPK	Intron or UTR	5	32	6	0.6779	0.58520172	0.587234741277654	0.111616434049591	93	0	0	0	1	5	4	56	GrafOK	CDS2	186	3095	2704	-3321	HNRNPK	HNRNPK		
CCTAGTTTGACCTGTAGTGG	CGG	chr9	+	83977487	Between CDS2 and CDS3	intron:HNRNPK	Intron or UTR	3	19	18	0.6458	0.45365936	0.435013869473868	0.142811964751291	94	0	0	0	0	3	5	65	GrafOK	CDS2	201	3110	2719	-3336	HNRNPK	HNRNPK		
CCACTACAGGTCAAACTAGG	AGG	chr9	-	83977473	Between CDS2 and CDS3	intron:HNRNPK	Intron or UTR	8	42	3	0.7072	0.34072459	0.332878967709738	0.0934543380082671	91	0	0	0	0	6	8	64	GrafOK	CDS2	215	3124	2733	-3350	HNRNPK	HNRNPK		
GGTAAGTCGATCCAGTACAT	GGG	chr9	+	83975695	Between CDS3 and CDS4	exon:RP11-575L7.8/HNRNPK	Intron or UTR	7	6	39	0.5893	0.92592593	0.90722875240547	0.222649739437757	97	0	0	0	0	1	2	32	GrafOK	CDS4	-188	4902	4511	-5128	HNRNPK	HNRNPK	HNRNPK	
CGTCATGGTGGGCAACGCAG	GGG	chr9	+	83975674	Between CDS3 and CDS4	exon:RP11-575L7.8/HNRNPK	Intron or UTR	2	18	15	0.6488	0.72118321	0.721183213713835	0.144308536623642	94	0	0	0	0	3	3	60	GrafOK	CDS4	-167	4923	4532	-5149	HNRNPK	HNRNPK	HNRNPK	
ACGTCATGGTGGGCAACGCA	GGG	chr9	+	83975673	Between CDS3 and CDS4	exon:RP11-575L7.8/HNRNPK	Intron or UTR	9	3	46	0.5758	0.48275862	0.867256637188296	0.273991539718745	97	0	0	0	0	7	1	76	GrafOK	CDS4	-166	4924	4533	-5150	HNRNPK	HNRNPK	HNRNPK	
TCGTTTGGGTGGGCAACTCA	CGG	chr9	+	83975293	Between CDS4 and CDS6	intergenic:HNRNPK-RP11-575L7.8/HNRNPK	Intron or UTR	6	8	31	0.6173	0.5192065	0.505740659577159	0.203078156988231	96	0	0	0	0	5	6	42	GrafOK	CDS4	168	5304	4913	-5530	HNRNPK	HNRNPK		
GGGTATCCTTAACTCAGTGG	TGG	chr9	-	83974899	Between CDS4 and CDS6	intergenic:HNRNPK-RP11-575L7.8/HNRNPK	Intron or UTR	4	26	12	0.6602	0.45900369	0.414665010167383	0.120174516414361	93	0	0	1	2	5	8	61	GrafOK	CDS6	-308	5698	5307	-5924	HNRNPK	HNRNPK		
AGTACCGGTAGTAATTACAA	CGG	chr9	-	83970955	Between CDS12 and CDS14	intron:HNRNPK	Intron or UTR	10	41	14	0.6574	0.56439791	0.451059598197567	0.0934794988982786	91	0	0	1	1	1	7	50	GrafOK	CDS14	-41	9642	9251	-9868	HNRNPK	HNRNPK	HNRNPK	
TGCACTTATATGTCCAACAG	AGG	chr9	+	83968805	Downstream of CDS20	exon:HNRNPK	3' UTR	2	6	2	0.7076	0.30012888	0.247916160478542	0.063949113671406	87	0	0	2	2	6	17	114	GrafOK	CDS20	544	11792	11401	-12018	HNRNPK	HNRNPK	HNRNPK	
TGGTTTGGAAGTCTATTGCT	GGG	chr9	-	83968714	Downstream of CDS20	exon:HNRNPK	3' UTR	4	10	3	0.6915		0.20821840049476	0.0509542349629137	84	0	1		2		13	135	GrafOK	CDS20	635	11883	11492	-12109	HNRNPK	HNRNPK	HNRNPK	
CAGTACTACAAGTTGAGTAA	TGG	chr9	-	83968567	Downstream of CDS20	exon:HNRNPK	3' UTR	3	3	8	0.5214		0.219081022896968	0.0778724121023281	89	1	1		2		11	83	GrafOK	CDS20	782	12030	11639	-12256	HNRNPK	HNRNPK	HNRNPK	
AATCAACCCTTGTTCAAATC	GGG	chr9	+	83968159	Downstream of CDS20	exon:HNRNPK	3' UTR	5	4	11	0.4785		0.505316591727427	0.0727595510970954	89	0	1		3		8	114	GrafOK	CDS20	1190	12438	12047	-12664	HNRNPK	HNRNPK	HNRNPK	
TGTGTGCCCGATTTGAACAA	GGG	chr9	-	83968154	Downstream of CDS20	exon:HNRNPK	3' UTR	1	1	4	0.6814		0.252876776489901	0.0929437984538009	91	0	1		0		8	64	GrafOK	CDS20	1195	12443	12052	-12669	HNRNPK	HNRNPK	HNRNPK	
