Gene_symbol	Longest_shared_subsequence	Contains_polyT	sgRNA_sequence	Sequence_with_primers	Color
FBXO5	4	No	GACGTGGAGTCTGCCTCAGG	ttgtggaaaggacgaaacaccGGACGTGGAGTCTGCCTCAGGGTTTAAGAGCTAAGCTG	1
FBXO5	5	No	GGAGCAGCGGGGTGGCCGTA	cttggagaaaagccttgtttGGGAGCAGCGGGGTGGCCGTAGTTTGAGAGCTAAGCAGA	1
FBXO5	5	No	GAGGAGGCCGGTCCAGAAGA	gtatgagaccactctttcccGGAGGAGGCCGGTCCAGAAGAGTTTCAGAGCTAAGCACA	1
FBXO5	3	No	GGCGCGCGTAAATCCTAGAG	ATTTCTGCTGTAGCTCTGAAACCTCTAGGATTTACGCGCGCCCGAGGTACCCAAGCGGC	1
EIF2B1	5	No	GGTGCGCCGGAAGAGGGGTA	ttgtggaaaggacgaaacaccGGGTGCGCCGGAAGAGGGGTAGTTTAAGAGCTAAGCTG	2
EIF2B1	5	No	GGTGCAGCGCGCTGTCAGAC	cttggagaaaagccttgtttGGGTGCAGCGCGCTGTCAGACGTTTGAGAGCTAAGCAGA	2
EIF2B1	4	No	GTCCTGCTGCGGAGCCCCAG	gtatgagaccactctttcccGGTCCTGCTGCGGAGCCCCAGGTTTCAGAGCTAAGCACA	2
EIF2B1	4	No	GACTCTGGAAACACAACCAG	ATTTCTGCTGTAGCTCTGAAACCTGGTTGTGTTTCCAGAGTCCGAGGTACCCAAGCGGC	2
GABRB1	4	No	GGCTTGCGGCCGGACTTCGG	ttgtggaaaggacgaaacaccGGGCTTGCGGCCGGACTTCGGGTTTAAGAGCTAAGCTG	1
GABRB1	4	No	GTCAAGGAATGCAACTTAGT	cttggagaaaagccttgtttGGTCAAGGAATGCAACTTAGTGTTTGAGAGCTAAGCAGA	1
GABRB1	3	No	GACAAAATCGAGAGAGTCTG	gtatgagaccactctttcccGGACAAAATCGAGAGAGTCTGGTTTCAGAGCTAAGCACA	1
GABRB1	3	No	GTGGGTTCATTGGTGCTAAG	ATTTCTGCTGTAGCTCTGAAACCTTAGCACCAATGAACCCACCGAGGTACCCAAGCGGC	1
PRDM1	5	No	GACTGGAGGGCCGAGTGTCA	ttgtggaaaggacgaaacaccGGACTGGAGGGCCGAGTGTCAGTTTAAGAGCTAAGCTG	2
PRDM1	5	No	GGAGGCAAGAGCAGCGACCG	cttggagaaaagccttgtttGGGAGGCAAGAGCAGCGACCGGTTTGAGAGCTAAGCAGA	2
PRDM1	5	No	GTGTGGGTACGACCTTGGTA	gtatgagaccactctttcccGGTGTGGGTACGACCTTGGTAGTTTCAGAGCTAAGCACA	2
PRDM1	4	No	GGCACAGACGCGCACCTCGG	ATTTCTGCTGTAGCTCTGAAACCCGAGGTGCGCGTCTGTGCCCGAGGTACCCAAGCGGC	2
MOCS2	5	No	GGTGCCGCTGTGCCAGGTAA	ttgtggaaaggacgaaacaccGGGTGCCGCTGTGCCAGGTAAGTTTAAGAGCTAAGCTG	1
MOCS2	5	No	GGGACAGCGGGACCGAATCA	cttggagaaaagccttgtttGGGGACAGCGGGACCGAATCAGTTTGAGAGCTAAGCAGA	1
MOCS2	5	No	GCAGGTTTGCAAATGATCAA	gtatgagaccactctttcccGGCAGGTTTGCAAATGATCAAGTTTCAGAGCTAAGCACA	1
MOCS2	5	No	GGAGGACCCGACTTCTGCTG	ATTTCTGCTGTAGCTCTGAAACCAGCAGAAGTCGGGTCCTCCCGAGGTACCCAAGCGGC	1
